contract_id,display_name,source_url,counterparty,holder_actor_id,direction,cadence,status,amount_gp,amount_meaning,unit_qty,unit_price_gp,clock,notes,state_origin,slice
ctr:zariel-line-a,Zariel Warborn Contract — Line A,https://app.notion.com/34ce821484b081febf14f062ef3cb91b,Zariel,actor:household:imperial-arik,RECEIVABLE,MILESTONE,ACTIVE,152100000,first-pile invoice at 5000x30000 + 21x100000,5000,30000,ARIK_HAMMER_1495,Solar Guard priced 100000 keep 80000; Legionnaire keep 4000; Line B prestige patterns are not this row; registry Monthly Revenue cell is Neverwinter 360000 only,SOURCE,HOUSEHOLD
ctr:peri-security,Peri Security Contract (Monthly),https://app.notion.com/342e821484b08136b9e5c0125a7dacd6,Peri organisation,actor:institution:institut-baenund,PAYABLE,MONTHLY,ACTIVE,-500,monthly door/response fee,,,SHIVAN_DAY_630,2 guards rotating 8-hour shifts on Institut door plus Grey Servant response; Transaction Ledger Exact Session 31,SOURCE,INSTITUT
ctr:watch-completed,Watch Contract (Completed),https://app.notion.com/341e821484b081f0bf09ce026c4a1e2b,Waterdeep City Watch,actor:business:baenund-and-diorelle,RECEIVABLE,ONE_OFF,COMPLETED,400,commission received,,,SHIVAN_DAY_510,City Watch commission; not a live monthly,SOURCE,INSTITUT
ctr:amnian-first-delivery,Amnian Contract — First Delivery (Net),https://app.notion.com/341e821484b08128b12afe448562a0cc,Amnian diplomats,actor:institution:institut-baenund,RECEIVABLE,ONE_OFF,DELIVERED_PARTIAL,17200,net of 18000 gross after 600 customs and 200 Cowled fee,14,,SHIVAN_DAY_647,14 pieces; Tessa 2 returned; consequence ledger also names 90-day / first-2-in-25-days schedule,SOURCE,INSTITUT
ctr:promethean-husteem,Promethean Device — Husteem Channel (Monthly),https://app.notion.com/342e821484b081cb94dbe995e804aeb6,Husteem Distribution,actor:npc:shivan-baenund,RECEIVABLE,MONTHLY,ACTIVE,1140,Shi'van 60 percent of 1900 partnership gross,,,SHIVAN_DAY_500,Husteem keeps 760; noble/luxury channel; Session 31 Exact,SOURCE,INSTITUT
ctr:promethean-rosznar,Promethean Device — Rosznar Channel (Monthly),https://app.notion.com/342e821484b081de9f4ddacd1cf22592,Rosznar Manufacturing,actor:npc:shivan-baenund,RECEIVABLE,MONTHLY,ACTIVE,2760,Shi'van 60 percent of 4600 partnership gross,,,SHIVAN_DAY_500,Rosznar keeps 1840; city-wide infrastructure product; Session 31 Exact,SOURCE,INSTITUT
ctr:promethean:rosznar,Promethean Manufacturing Agreement - Rosznar,https://app.notion.com/p/348e821484b08178,Rosznar Manufacturing (Lord Marcus Rosznar),actor:pc:shivan,RECEIVABLE,MONTHLY,ACTIVE,4600,monthly channel revenue at current output,376,8-45,SHIVAN_D494,"60% Baen'und / 40% Rosznar on NET PROFITS. Rosznar smithies produce to Baen'und specification exclusively. TERRITORY IS CITY-LIMITED: 'exclusive mass market distribution within Waterdeep city limits... international rights subject to separate negotiation' (Article IV). Shi'van retains direct noble sales and specialised markets. Signed on the Promethean Night, Day 494. ARTICLE V COMMITS 2,000 UNITS/MONTH BY MIDSUMMER - actual output is 376, or 19%. See exp:promethean:article-v.",SOURCE,SHIVAN
ctr:promethean:husteem,Husteem Noble Circuit - Baen'und product distribution,https://app.notion.com/p/348e821484b0814db068e0de417a0020,Lady Melinda Husteem,actor:pc:shivan,RECEIVABLE,MONTHLY,ACTIVE,1900,whole-circuit partnership gross across every product in the noble circuit,,,SHIVAN_D495,"SCOPE CORRECTED 2026-09-24 FROM THE LIVE LOCATIONS PAGE, which is more specific than either my reading or the Shi'van return. IT IS NOT DEVICE-ONLY AND IT IS NOT ALL INSTITUT SALES. The page names a product set: Promethean Device LUXURY VARIANTS (dragon-head, lighthouse, cannon), Summer Crown, Institut garments (ward-threaded protection and formal wear), Lanternlight Purse (Veil Courier Mesh variant, queued), and 'future commercial products emerging from Baen'und Innovations' IP pipeline'. NOT IN THE CIRCUIT: Evening's Edge, the Founding Collection, Verdant Court, Gentlemen's Revolution, Midnight, Daylight, Scepter & Shadow, Daedalus Heart, Eye of Dagaz, Yggdrasil - every jewellery line and every fashion collection bar the garments. THE ROUTING RULE IS EXPLICIT and is not about the buyer's rank: 'future noble-grade enchanted pieces routed through the Husteem circuit RATHER THAN the Blackwatch Lane showroom's walk-in trade'. Circuit versus showroom. 60/40 on noble sales means sales made THROUGH the circuit. AMOUNT RESTATED: the 1,900 gp/month is the WHOLE-CIRCUIT partnership gross (Shi'van 1,140 / Husteem 760), not the Salon Pattern lighter line - see cor:husteem-1900-attribution. GROWTH PATH, in the page's own words: 'tied to Summer Crown and Institut garment brand positioning'. The Summer Crown blockers Chad cleared are therefore the gate on this channel's growth. PAGE CURRENCY: 'Channel stable at Day 717' - 188 days stale at Day 905. Origin: the Fountain Handshake, Session 8A, 16 Ches 1493 DR (Day 495), the day after a topless rapier duel at the Golden Griffin. Base is the Husteem residence in Castle Ward; Lady Tessavere's salon is the relay that pre-positioned the brand before Blackwatch Lane opened.",SOURCE,SHIVAN
ctr:promethean:fuel-cartridges,Promethean Fuel Cartridge line (razor-and-blades),https://app.notion.com/p/334e821484b081c8,(channel undetermined),actor:pc:shivan,RECEIVABLE,RECURRING,UNCONTRACTED,9500,"annual revenue at a 3,800-unit base and 5 refills/yr",19000,0.5,SHIVAN_D905,"RULED 2026-09-24 at 5 sp per cartridge. A monopoly that has existed on paper since Day 494 and has never been sold. WD-494-005 is SEALED, so the synthesis is a trade secret as well as a patent - no licensing route and no legal or practical reverse-engineering. THE POINT IS NOT THIS YEAR'S NUMBER. Device revenue is FLAT at 384 units/month = 78,000 gp/yr; the fuel base COMPOUNDS with every device sold. At zero attrition the base reaches 8,400 units in a year (21,020 gp), 17,600 in three (44,060) and 31,400 in six, at which point fuel revenue OVERTAKES the entire device line. Attrition pushes that out but does not change the shape: the lighters are the razor. NO CHANNEL IS CONTRACTED FOR THIS - see exp:promethean:cartridge-channel-scope, which is the open question of whether a cartridge falls inside Rosznar's Article IV mass-market exclusive or is a separate good.",DERIVED,SHIVAN
