programme_id,display_name,source_url,programme_type,parent_actor_id,host_facility_id,status,clock,headcount,headcount_state,capital_gp,monthly_revenue_gp,monthly_cost_gp,amount_state,notes,provenance,state_origin,slice
prog:warborn-line-a,Warborn Line A — Zariel Mass Order,https://app.notion.com/34ce821484b081febf14f062ef3cb91b,PRODUCTION_LINE,actor:household:imperial-arik,fac:warborn-nw;fac:warborn-wd,ACTIVE,ARIK_HAMMER_1495,,UNKNOWN,,4860000,115900,DERIVED,"NETWORK AT THE RULED RATE. Waterdeep 150/mo (user ruling) + Neverwinter 12/mo (sourced) = 162 Legionnaire/mo. Invoice 162 x 30,000 = 4,860,000/mo. Keep 162 x 4,000 = 648,000/mo. Combined cost 95,900 + 20,000 = 115,900/mo. Plus Solar Guard 2/mo at Neverwinter only: 200,000 invoice / 160,000 keep. CONTRACT PACE STILL NOT MET: 5,000 in 24 months = 208.33/mo required. 162 leaves a 46.33/mo shortfall; at Neverwinter's 15/mo ceiling it is 165, still 43.33 short. The old plan assigned the remainder to Forgedeep (~50/mo by month 24); Forgedeep is not booked live. The 6,440,000 network figure reconciles exactly at contract pace: 208 x 30,000 + 2 x 100,000. TOTAL SCOPE 200,000 Legionnaires per Canon Change Log 548; the 5,000 + 21 Solar Guard pile is the first tranche only, deadline ~late 1496, gating the remaining 195,000. Legionnaire sale 30,000 / build 6,000 / keep 4,000; Solar Guard sale 100,000 / build 20,000 / keep 80,000; Zariel supplies hell iron. Neverwinter page also names 747,000 gp/mo profit at full network scale. See production_rates.csv.",SOURCE-DERIVED,SOURCE,HOUSEHOLD
prog:warborn-line-b,Warborn Line B — Prestige Patterns,https://app.notion.com/34ce821484b081febf14f062ef3cb91b,PRODUCTION_LINE,actor:household:imperial-arik,fac:warborn-nw;fac:warborn-wd,ACTIVE_CATALOG,ARIK_HAMMER_1495,,UNKNOWN,,,,UNRECONCILED,Storm Lord / Tactical / Silent Storm prestige patterns from the Contract registry Patterns table. Standard sale 150000 cost 43000; Major 400000 min cost 95000; Elite 200000+. Unreconciled with the Line A 30000/6000 sheet — leave the conflict visible. No monthly receipt rows invented. Do not merge back into Line A on registry cards.,SOURCE-DERIVED,SOURCE,HOUSEHOLD
prog:burning-gate,Project Burning Gate,https://app.notion.com/34ce821484b08125b0ccfa8966ff42f0,R_AND_D,actor:institution:institut-baenund,fac:burning-gate,R&D_PHASE,ARIK_HAMMER_1495,30,SOURCE,800000,0,0,SOURCE,Actor already booked as actor:programme:burning-gate. Shi'van Baen'und project lead; Arik Baen approver; Frieren barrier research; Einar construct production. Initiated ~late 1494 DR on the Shi'van timeline. 800000 is project outflow not an account balance (see acct:institut:burning-gate-restricted). Headcount 30 is the same 30 as emp:burning-gate — do not double count.,SOURCE-DERIVED,SOURCE,INSTITUT
prog:nafnfestr-wyrmhelm,Nafnfestr / Warmother Breeding Programme,https://app.notion.com/34ce821484b0812f8577d4d37289da9f,BREEDING_PROGRAMME,actor:institution:institut-baenund,fac:wyrmhelm,OPERATIONAL,ARIK_HAMMER_1495,15,SOURCE,150000,0,2000,SOURCE,Jormun (actor:npc:jormun) Nafnfestr ritualist and founder; Institut Baen'und personnel run breeding. Launch Alturiak 1495 DR. Assets: 20-egg incubation chamber; 5 Nafnfestr bonding rooms; 2 Warmother halls planned with 1 certified and 1 completion-required; 4 Charger berths; 4 Courser berths. Card states a 45000-60000 gp completion package is required before routine two-Warmother indoor occupancy and major surgery — that is a stated requirement not a booked debit. Headcount 15 is the same 15 as emp:wyrmhelm.,SOURCE-DERIVED,SOURCE,INSTITUT
prog:promethean-husteem,Promethean Device — Husteem Channel,https://app.notion.com/342e821484b081cb94dbe995e804aeb6,DISTRIBUTION_CHANNEL,actor:npc:shivan-baenund,,ACTIVE,SHIVAN_DAY_500,,UNKNOWN,,1140,,SOURCE,Shi'van takes 60 percent of 1900 partnership gross; Husteem Distribution keeps 760. Noble/luxury channel. Contract row ctr:promethean-husteem. Shi'van Day-numbered clock — do not add onto Arik's Hammer 1495 month.,SOURCE-DERIVED,SOURCE,INSTITUT
prog:promethean-rosznar,Promethean Device — Rosznar Channel,https://app.notion.com/342e821484b081de9f4ddacd1cf22592,DISTRIBUTION_CHANNEL,actor:npc:shivan-baenund,,ACTIVE,SHIVAN_DAY_500,,UNKNOWN,,2760,,SOURCE,Shi'van takes 60 percent of 4600 partnership gross; Rosznar Manufacturing keeps 1840. City-wide infrastructure product. Contract row ctr:promethean-rosznar. Shi'van Day-numbered clock — do not add onto Arik's Hammer 1495 month.,SOURCE-DERIVED,SOURCE,INSTITUT
prog:tissage-stelmane,Stelmane Commission,https://app.notion.com/372e821484b081d98c19e650c16b687f,COMMISSION,actor:business:tissage-shivan,fac:tissage,IN_PROGRESS,SHIVAN,,UNKNOWN,,25000,,APPROX_SOURCE,Tissage card Current Activity: commission 40 percent complete with a stated ~25K/mo contract uplift. CONFLICT LEFT VISIBLE: the same card's Monthly Revenue cell is 28000 total. Whether the ~25K uplift sits inside that 28000 or on top of it is not stated on the page. Do not resolve without a page ruling.,SOURCE-DERIVED,SOURCE,INSTITUT
prog:tissage-protection-line,Tissage Protection Line,https://app.notion.com/372e821484b081d98c19e650c16b687f,PRODUCT_LINE,actor:business:tissage-shivan,fac:tissage,ACTIVE,SHIVAN,,UNKNOWN,,,,UNKNOWN,Named on the Tissage card Current Activity as approaching the Waterdeep adoption-curve bend. No unit volume or price or margin stated on the card. Tissage is Shi'van's original floor — do not fold into Institut research per CAN-INS-TISSAGE-SPLIT.,SOURCE-DERIVED,SOURCE,INSTITUT
prog:tissage-amnian-collection,Amnian Hot-Climate Collection,https://app.notion.com/372e821484b081d98c19e650c16b687f,PRODUCT_LINE,actor:business:tissage-shivan,fac:tissage,IN_DEVELOPMENT,SHIVAN,,UNKNOWN,,,,UNKNOWN,Named on the Tissage card Current Activity as in development. First delivery already booked as ctr:amnian-first-delivery — 14 pieces 17200 net of 18000 gross after 600 customs and 200 Cowled fee Shi'van Day 647. No recurring cadence stated.,SOURCE-DERIVED,SOURCE,INSTITUT
prog:stonefire-armor-plate,Stonefire Armor Plate Line,https://app.notion.com/37de821484b081d1bf05cd5b4111d5bc,PRODUCTION_LINE,actor:institution:baen-enterprises,fac:stonefire,UNDER_CONSTRUCTION,ARIK_HAMMER_1495,67,SOURCE,42700,1479,1909,SOURCE,Card: established Hammer 1495 DR; commercial launch Ches 1495 DR. Initial armor plate production 50/month ramping toward 450/month lacquer capacity — that is a capacity band not a delivered rate. Assets: 4 crystal-powered kilns with expansion to 8 planned; lacquer finishing operation; Longsaddle clay access 7.2M cu yd stockpile; Neverwinter showroom. Headcount 67 is the same 67 as emp:stonefire.,SOURCE-DERIVED,SOURCE,HOUSEHOLD
prog:snowfall-dock-works,Snowfall Dock District Works Programme,https://app.notion.com/3c2e821484b081f888a6e1169f9a4df4,WORKS_PROGRAMME,actor:institution:ncf,fac:snowfall,FORMATION,ARIK_HAMMER_1495,0,SOURCE,30000,0,0,SOURCE,Independent venture — Veldrin Snowfall 75 percent / NCF 25 percent; related-party supplier to Baen Construction. Card: 30000 gp staged facility plus a 5000 gp held completion guarantee; No. 001 Venetian Bay demonstration installation; low-pressure heating standards. Formation begins 1 Alturiak 1495; opening 1 Eleint 1495 DR is resolved forward WITHOUT advancing the live clock — do not treat as Day-7 operating revenue. Undrawn 30000 facility is loan:ncf:snowfall-undrawn.,SOURCE-DERIVED,SOURCE,NCF
prog:heavy-machinery,Baen Heavy Machinery Production Programme,https://app.notion.com/321e821484b08116ac1bcc07c68ff15f,PRODUCTION_PROGRAMME,actor:institution:baen-enterprises,fac:gauntlgrym-tools,ADOPTED,ARIK_HAMMER_1495,28,USER_RULED,237500,,38500,USER_RULED,Ratified by the user 2026-09-18 (recovery/MACHINERY_PROGRAMME_2026-09-18.md and .json) — USER_RULED not SOURCE. Gauntlgrym Tools is fabrication/assembly/acceptance; Forgedeep Workshop 7 precision and integration; Neverwinter services the four shared Brickworks Stonebearers. Day-7 fleet 10 Stonebearer / 5 Groundshaper / 5 Ironmaw. Regular capacity 2/1/1 per month. 28 factory positions = 12 fitters + 8 fabricators + 2 integration + 2 inspectors + 4 support; reconcile to existing workers before adding employment. 237500 historical envelope is NOT a Day-7 debit and NOT an established NCF loan; funding and settlement remain unknown. Wages 1100 gp/month sit inside the equipment allowances — do not add twice. The 10 JV employees on emp:gauntlgrym-tools are the Baen-side JV count not the whole factory workforce.,USER-RULED,USER_RULED,HOUSEHOLD
prog:light-vehicle,Light Vehicle Program,https://app.notion.com/397e821484b0813cb746ecbef4e0c773,PRODUCTION_LINE,actor:institution:baen-enterprises,fac:gauntlgrym-tools,NAMED,ARIK_HAMMER_1495,,UNKNOWN,,,,UNKNOWN,Named as the source anchor establishing the existing Stonebearer line (MACHINERY_PROGRAMME_2026-09-18.md source anchors). Page body not read this sitting — no headcount or capital or rate or price taken from it. Row exists so the programme is visible and queued rather than to carry numbers.,SOURCE-NAMED-UNREAD,UNKNOWN,HOUSEHOLD
prog:silversheen-aluminium,Silversheen Aluminium Output,https://app.notion.com/3abe821484b08109ac90c3bd13f64848,PRODUCTION_LINE,actor:business:silversheen-trading,fac:silversheen,SCALING,ARIK_HAMMER_1495,45,SOURCE,80000,48400,29040,SOURCE,"Canon Change Log entry 709 (Forgedeep audit 2026-07-28, effective Hammer 1495 DR) rules output at 180 t/mo current. 150 t/mo is the Eleint 1494 baseline; the location page's 120 t/mo is RETIRED. Curve holds. Ownership ruled 50 Gauntlgrym / 30 NCF / 20 Baen in the same entry — see own:silversheen-*. Tonnage is not booked as gold here: the 48400/29040 cells are the registry card's, and no page states a price per tonne. WARBORN ALLOCATION RECONCILED: the Neverwinter page states 'Aluminum: 30 tons/month allocation from Silversheen Trading (20% of current output)'. 30 t = 20% of 150 t/mo, which is the Eleint 1494 baseline. At the Hammer 1495 ruled output of 180 t/mo, the same 20% share is 36 t/mo. So 30 t/mo and ' 20% of output' are the SAME rule stamped at different outputs, not two competing figures. Which governs at Hammer 1495 — the fixed 30 t or the floating 20% (36 t) — is the only part still open. Waterdeep's material plan at 208 network units/mo calls for 30 t/mo aluminium as well.",CANON-CHANGE-LOG-709,USER_RULED,NCF
prog:warborn-engineering-school,Warborn Engineering Trade School,https://app.notion.com/3c3e821484b081908665d8fb675cb02a,TRAINING_PROGRAMME,actor:household:imperial-arik,,APPROVED,ARIK_HAMMER_1495,,UNKNOWN,,,,UNKNOWN,"Canon Change Log entries 744/745/746 (2026-08-20), all stamped 'Day 7, Hammer 1495 DR — no time advance' — so this sits exactly on the engine boundary. Paid vocational pipeline for machinists, assemblers, crystal technicians, QC examiners, field engineers, journeymen, factory-commissioning cadres and selected researchers. Site locked to a 100-acre tract on the north bank of the Neverwinter River opposite Thundertree, existing arterial spur at the campus edge. Doubles as the contingent Mighty Servant of Leuk-O quarantine/research campus; ordinary instruction runs without artifact recovery. NOT PRESENT IN THE BUSINESS REGISTRY — no entity card, no headcount, no fee schedule, no capital figure. Nothing invented here.",CANON-CHANGE-LOG-744-746,USER_RULED,HOUSEHOLD
prog:bloodaxe-force-growth,Bloodaxe Legion Force Growth,https://app.notion.com/321e821484b0812dbba0e10b75086a02,FORCE_STRUCTURE,actor:household:imperial-arik,fac:bloodaxe,ACTIVE,ARIK_HAMMER_1495,10000,SOURCE,0,30000,150000,SOURCE,"Page body scaling ladder, stated as goals not as booked strength: 6-month 11,000 · 1-year 12,000 · 5-year 15,000. Revenue 30,000/mo = caravan protection 15,000 + municipal security 10,000 + training services 5,000. Actual spend 150,000/mo against a 15,000/mo public cover budget. Net cost to Baen Enterprises ~100,000/mo. Wyrmhelm Wing: ZERO deployed as of Alturiak 1495; year 3-5 target 20 Chargers + 40 Coursers; year 10 target three wings, 500-800 mature Wyrmhelms. Marine Corps 200 expanding to 500. 30,000 devil troops pending deployment via the Devil Liaison Unit. Readiness tiers: Tier 1 immediate 2,000 · Tier 2 48-hour 4,000 · Tier 3 reserve/training 2,000 · Tier 4 contract/deployed 2,000, rotating every 3-4 months.",SOURCE-DERIVED,SOURCE,HOUSEHOLD
prog:carat-house,"Carat House - gem import, appraisal and pawn lending",https://app.notion.com/p/348e821484b081148891c591b8bac2a1,SUBSIDIARY_CONCEPT,actor:trust:esamt,,CONCEPT_BUILDING_PENDING,SHIVAN_D905,,UNKNOWN,12000-15000,,,ESTIMATED,"ESAMT subsidiary, Castle Ward near the House of Gems. Manager Nandini Chettiar (Durpari, Gemology-16, Merchant-14, Detect Lies-13); banking Helena Brightwater/NCF; legal Merileth Dawntracker. Four products: appraisal (TSA Guardian Pledge subcontract as anchor client), gem-backed pawn lending (client surrenders the piece, 3-6 month terms), wholesale gem supply to the Institut and B&D (claimed 20-35% materials saving), curated retail. BG sourcing trip complete, Nandini recruited. Building acquisition pending - capital is the concept doc's ESTIMATE of 12,000-15,000 for Castle Ward stone commercial, not a price. Launch target Autumn 1494, ~Day 1080-1100 = 23 Marpenoth to 13 Uktar 1494. Nandini's terms: keeps her BG suppliers, sets her own standards, equity review Autumn 1496. NO RATES ARE SET ANYWHERE: no appraisal fee, no pawn interest, no loan-to-value, no wholesale margin. WHOLESALE CHECK (derived): the concept says wholesale 'alone justifies the operation'. That holds only at catalogue volumes. Under the ruled ledger reading, B&D bespoke runs 3,300 gp/month, and the registry's own pairs put jewellery materials at ~12-25% of retail, so gems are a few thousand a year and a 20-35% saving is low thousands - a 5-15 year payback on the building from wholesale alone. The case rests on appraisal and lending. NOT the Gold Lending House on the registry, which is an Unconfirmed NCF Luskan card and stays unbooked.",Carat House concept doc + Nandini Chettiar NPC page,SOURCE,SHIVAN
