item_id,facility_id,display_name,item_type,amount_gp,amount_state,recurrence,counterparty,clock,disposition,notes,source_url
unb:skyreach:armory,fac:skyreach,Skyreach Castle armory and archive,ASSET,230000,SOURCE,ONE_OFF,,ARIK_HAMMER_1495,UNBOOKED,"Value retained internal: 35,000 raw materials + 120,000 magical items + 75,000+ knowledge/documents. Booked nowhere as an asset. Castle acquisition itself was 0 gp - claimed from masterless state, previous master Keldran the Storm King dead ~40 years.",https://app.notion.com/34ce821484b081d7aaf3fb4e6a607477
unb:skyreach:tower-repair,fac:skyreach,SE corner tower reconstruction,LIABILITY,25000,SOURCE,ONE_OFF,,ARIK_HAMMER_1495,UNBOOKED,"SE corner tower at 40% structural integrity. 25,000 gp estimate, 4 months. Plus a recommended full system overhaul at 15,000 gp/year. Neither is in any cost line.",https://app.notion.com/34ce821484b081d7aaf3fb4e6a607477
unb:devil-academy:tokens,fac:devil-academy,Anthropomorphization token program,CAPITAL,100000,SOURCE,ONE_OFF,,ARIK_HAMMER_1495,UNBOOKED,"2,000 tokens at a stated 100,000 gp total program cost. The registry Capital Invested field is empty. Deployed spend, not a projection. Faculty: 2,000 philosophical devils in seven self-organised schools (Empiricists 400, Ethicists 350, Dialecticians 300, Metaphysicians 300, Logicians 250, Aesthetes 200, Pragmatists 200).",https://app.notion.com/324e821484b081699a22c992b7e05649
unb:gauntlgrym:soul-bind-fee,fac:warborn-nw,Gauntlgrym soul-binding service fee,PAYABLE,208000,SOURCE,MONTHLY,Gauntlgrym,ARIK_HAMMER_1495,UNBOOKED,"Stated verbatim: 'soul binding service fees (1,000 gp per unit at scale = 208,000 gp/month)'. A recurring payable to Gauntlgrym at scale, in no canonical table. The handoff recorded this as still under negotiation; the body prices it.",
unb:stonefire:orsik-fee,fac:stonefire,Orsik Cinderfist Gauntlgrym contract,PAYABLE,500,SOURCE,MONTHLY,Gauntlgrym,ARIK_HAMMER_1495,UNBOOKED,Orsik Cinderfist is on a Gauntlgrym contract at 500 gp/month paid to Gauntlgrym. A recurring external payable booked nowhere.,https://app.notion.com/37de821484b081d1bf05cd5b4111d5bc
unb:wyrmhelm:completion,fac:wyrmhelm,Wyrmhelm completion package,LIABILITY,45000-60000,SOURCE_RANGE,ONE_OFF,,ARIK_HAMMER_1495,UNBOOKED,"Still required before routine two-Warmother indoor occupancy and major surgery: second hall, hardened apron, embedded weighing slab, restraint arrays, ground-cradle recovery, purge ventilation, load certification. A range, so not a cell value.",https://app.notion.com/34ce821484b0812f8577d4d37289da9f
unb:brickworks:stonebearer,fac:brickworks,Stonebearer construct fleet,CAPITAL,32000,SOURCE,ONE_OFF,,ARIK_HAMMER_1495,UNBOOKED,Construct haulage fleet absent from the registry capital cell.,https://app.notion.com/321e821484b0816c87fbf0fee22835ad
unb:brickworks:pressmark,fac:brickworks,Pressmark division (Compressite engineered stone),OPERATION,,UNKNOWN,MONTHLY,,ARIK_HAMMER_1495,UNBOOKED,"A whole manufacturing division absent from the registry properties: 12 hydraulic presses at 200 blocks/day each, ~72,000 blocks/month, full product catalogue with per-unit costs from 0.3 gp. No revenue or cost figure reaches the card. Brick line alone is 75,000 bricks/month.",https://app.notion.com/321e821484b0816c87fbf0fee22835ad
unb:maritime:barges,fac:maritime-planned,Phase 1 river barge package,OPTION,12000-32000,SOURCE_RANGE,ONE_OFF,,ARIK_HAMMER_1495,PRICED_UNAUTHORISED,"6-8 barges at Torsten family scale, 2,000-4,000 gp each. The lowest-cost entry into maritime operations and the only priced line on the page. Integrates with Northern Crown Timber Phase 4. Not authorised, not spent - recorded as an option, not capital.",https://app.notion.com/321e821484b0816d8ca6d53a98b8ba6d
unb:ncf:esamt-asset-base,fac:ncf-parent,ESAMT trust asset base,ASSET,3177000,SOURCE,ONE_OFF,,SHIVAN_CLOCK,PARTIALLY_BOOKED,"NCF parent body: ESAMT ~3,177,000 gp asset base, ~6,862,000 gp borrowing capacity, ~582,000 gp outstanding draws, NCF fee income ~2,500 gp/month from the trust. accounts.csv carries the 1,010,000 foundation ruby corpus only. The handoff recorded NCF reserves as a page hole; they are on the page.",
unb:ncf:esamt-fee-income,fac:ncf-parent,NCF fee income from the ESAMT trust,REVENUE,2500,SOURCE,MONTHLY,ESAMT,SHIVAN_CLOCK,UNBOOKED,Recurring fee income to NCF from the trust. Shi'van clock - do NOT add onto Arik's Hammer 1495 month.,
unb:hunding:licensing,fac:hunding,Hunding licensing payment and toll royalty,RECEIVABLE,500000,SOURCE,ONE_OFF,,ARIK_HAMMER_1495,UNBOOKED,"500,000 gp licensing payment plus an 8% toll royalty, absent from every canonical table.",
unb:stonefire:urushi,fac:stonefire,Operation Lacquer Road (urushi),PROJECTED_REVENUE,15000-40000,SOURCE_RANGE,ANNUAL,Kozakura,POST_BOUNDARY,PROJECTION_ONLY,"Urushi saplings from Kozakura, return Nightal 1495, first harvest ~1499, full production ~1500. Annual value at maturity 15,000-40,000 gp. Single-source and long-dated - far past the Day-7 Hammer 1495 boundary.",https://app.notion.com/37de821484b081d1bf05cd5b4111d5bc
unb:collegium:drift-seats,fac:collegium,Drift-sponsored open-grant seats,OUTFLOW,,UNKNOWN,ANNUAL,The Drift,ARIK_HAMMER_1495,UNBOOKED,"Of 48 students, 15% are street-vetted open-grant entrants sponsored by the Drift - 7 seats the Drift pays for. No price per seat anywhere. 60% civic-funded (29), 25% private recommendation (12).",https://app.notion.com/324e821484b08175ae3cc451aea28565
unb:faske:underground,fac:faske,Faske underground flow,FLOW,8000-12000,ESTIMATED_RANGE,MONTHLY,,ARIK_HAMMER_1495,DELIBERATELY_UNBOOKED,"Registry Monthly Revenue 1,100 is the clean book only. Legitimate gross ~1,450/mo; an estimated 8,000-12,000 gp/month routes through the institution off-book. Recorded here because it exists, not booked because it is not the empire's revenue.",
unb:ssamt:corpus,fac:ssamt,SSAMT corpus and structuring,ASSET,12000,SOURCE,ONE_OFF,,SHIVAN_DAY_904,UNBOOKED,"12,000 gp liquid deposited by second bell Day 904, plus assignment of Scales & Secrets Trading Co. corridor receivables swept quarterly. Structuring fee 2,400 gp paid to Merileth Dawntracker. Counsel retained annually at the trust's own expense. Shi'van clock.",
unb:nw-wood-canal:locks,fac:nw-wood-canal,Ten Hunding-standard lock stations,CAPITAL,,UNKNOWN,ONE_OFF,,POST_BOUNDARY,PAGE_HOLE,"Ten locks at 200 x 40 x 25 ft each, ~35-40 miles of canal. No capital cost appears anywhere on the page. Operational Year 3 (~1497-1498 DR).",https://app.notion.com/376e821484b081c195a1d5c3e2ceb4cb
unb:sea-gate-harbor:basin,fac:sea-gate-harbor,Commercial-military basin and defences,CAPITAL,,UNKNOWN,ONE_OFF,,POST_BOUNDARY,PAGE_HOLE,"800 x 400 ft basin plus tower forts, chain boom and breakwater arms. No capital figure on the page. Operational Year 4 (~1498-1499 DR).",https://app.notion.com/376e821484b0819e8c07d304487c01bb
